year,Popularity,Keyword,Valid
2004-01,52,Louis Vuitton,TRUE
2004-02,49,Louis Vuitton,TRUE
2004-03,52,Louis Vuitton,TRUE
2004-04,48,Louis Vuitton,TRUE
2004-05,48,Louis Vuitton,TRUE
2004-06,45,Louis Vuitton,TRUE
2004-07,48,Louis Vuitton,TRUE
2004-08,48,Louis Vuitton,TRUE
2004-09,48,Louis Vuitton,TRUE
2004-10,40,Louis Vuitton,TRUE
2004-11,41,Louis Vuitton,TRUE
2004-12,52,Louis Vuitton,TRUE
2005-01,40,Louis Vuitton,TRUE
2005-02,45,Louis Vuitton,TRUE
2005-03,43,Louis Vuitton,TRUE
2005-04,42,Louis Vuitton,TRUE
2005-05,42,Louis Vuitton,TRUE
2005-06,38,Louis Vuitton,TRUE
2005-07,40,Louis Vuitton,TRUE
2005-08,40,Louis Vuitton,TRUE
2005-09,37,Louis Vuitton,TRUE
2005-10,36,Louis Vuitton,TRUE
2005-11,38,Louis Vuitton,TRUE
2005-12,47,Louis Vuitton,TRUE
2006-01,36,Louis Vuitton,TRUE
2006-02,34,Louis Vuitton,TRUE
2006-03,34,Louis Vuitton,TRUE
2006-04,37,Louis Vuitton,TRUE
2006-05,36,Louis Vuitton,TRUE
2006-06,35,Louis Vuitton,TRUE
2006-07,35,Louis Vuitton,TRUE
2006-08,36,Louis Vuitton,TRUE
2006-09,35,Louis Vuitton,TRUE
2006-10,35,Louis Vuitton,TRUE
2006-11,36,Louis Vuitton,TRUE
2006-12,43,Louis Vuitton,TRUE
2007-01,36,Louis Vuitton,TRUE
2007-02,34,Louis Vuitton,TRUE
2007-03,33,Louis Vuitton,TRUE
2007-04,39,Louis Vuitton,TRUE
2007-05,39,Louis Vuitton,TRUE
2007-06,36,Louis Vuitton,TRUE
2007-07,34,Louis Vuitton,TRUE
2007-08,35,Louis Vuitton,TRUE
2007-09,34,Louis Vuitton,TRUE
2007-10,32,Louis Vuitton,TRUE
2007-11,36,Louis Vuitton,TRUE
2007-12,44,Louis Vuitton,TRUE
2008-01,35,Louis Vuitton,TRUE
2008-02,34,Louis Vuitton,TRUE
2008-03,34,Louis Vuitton,TRUE
2008-04,34,Louis Vuitton,TRUE
2008-05,34,Louis Vuitton,TRUE
2008-06,36,Louis Vuitton,TRUE
2008-07,36,Louis Vuitton,TRUE
2008-08,38,Louis Vuitton,TRUE
2008-09,38,Louis Vuitton,TRUE
2008-10,39,Louis Vuitton,TRUE
2008-11,40,Louis Vuitton,TRUE
2008-12,51,Louis Vuitton,TRUE
2009-01,46,Louis Vuitton,TRUE
2009-02,43,Louis Vuitton,TRUE
2009-03,42,Louis Vuitton,TRUE
2009-04,45,Louis Vuitton,TRUE
2009-05,46,Louis Vuitton,TRUE
2009-06,47,Louis Vuitton,TRUE
2009-07,52,Louis Vuitton,TRUE
2009-08,51,Louis Vuitton,TRUE
2009-09,52,Louis Vuitton,TRUE
2009-10,53,Louis Vuitton,TRUE
2009-11,58,Louis Vuitton,TRUE
2009-12,69,Louis Vuitton,TRUE
2010-01,57,Louis Vuitton,TRUE
2010-02,55,Louis Vuitton,TRUE
2010-03,57,Louis Vuitton,TRUE
2010-04,56,Louis Vuitton,TRUE
2010-05,59,Louis Vuitton,TRUE
2010-06,58,Louis Vuitton,TRUE
2010-07,62,Louis Vuitton,TRUE
2010-08,65,Louis Vuitton,TRUE
2010-09,64,Louis Vuitton,TRUE
2010-10,63,Louis Vuitton,TRUE
2010-11,67,Louis Vuitton,TRUE
2010-12,78,Louis Vuitton,TRUE
2011-01,67,Louis Vuitton,TRUE
2011-02,63,Louis Vuitton,TRUE
2011-03,64,Louis Vuitton,TRUE
2011-04,64,Louis Vuitton,TRUE
2011-05,64,Louis Vuitton,TRUE
2011-06,65,Louis Vuitton,TRUE
2011-07,68,Louis Vuitton,TRUE
2011-08,70,Louis Vuitton,TRUE
2011-09,72,Louis Vuitton,TRUE
2011-10,73,Louis Vuitton,TRUE
2011-11,85,Louis Vuitton,TRUE
2011-12,100,Louis Vuitton,TRUE
2012-01,83,Louis Vuitton,TRUE
2012-02,85,Louis Vuitton,TRUE
2012-03,78,Louis Vuitton,TRUE
2012-04,77,Louis Vuitton,TRUE
2012-05,78,Louis Vuitton,TRUE
2012-06,73,Louis Vuitton,TRUE
2012-07,77,Louis Vuitton,TRUE
2012-08,81,Louis Vuitton,TRUE
2012-09,74,Louis Vuitton,TRUE
2012-10,69,Louis Vuitton,TRUE
2012-11,73,Louis Vuitton,TRUE
2012-12,84,Louis Vuitton,TRUE
2013-01,69,Louis Vuitton,TRUE
2013-02,64,Louis Vuitton,TRUE
2013-03,62,Louis Vuitton,TRUE
2013-04,61,Louis Vuitton,TRUE
2013-05,60,Louis Vuitton,TRUE
2013-06,61,Louis Vuitton,TRUE
2013-07,62,Louis Vuitton,TRUE
2013-08,65,Louis Vuitton,TRUE
2013-09,61,Louis Vuitton,TRUE
2013-10,59,Louis Vuitton,TRUE
2013-11,64,Louis Vuitton,TRUE
2013-12,73,Louis Vuitton,TRUE
2014-01,57,Louis Vuitton,TRUE
2014-02,55,Louis Vuitton,TRUE
2014-03,54,Louis Vuitton,TRUE
2014-04,54,Louis Vuitton,TRUE
2014-05,54,Louis Vuitton,TRUE
2014-06,49,Louis Vuitton,TRUE
2014-07,55,Louis Vuitton,TRUE
2014-08,55,Louis Vuitton,TRUE
2014-09,53,Louis Vuitton,TRUE
2014-10,52,Louis Vuitton,TRUE
2014-11,54,Louis Vuitton,TRUE
2014-12,66,Louis Vuitton,TRUE
2015-01,51,Louis Vuitton,TRUE
2015-02,51,Louis Vuitton,TRUE
2015-03,49,Louis Vuitton,TRUE
2015-04,47,Louis Vuitton,TRUE
2015-05,49,Louis Vuitton,TRUE
2015-06,46,Louis Vuitton,TRUE
2015-07,48,Louis Vuitton,TRUE
2015-08,48,Louis Vuitton,TRUE
2015-09,47,Louis Vuitton,TRUE
2015-10,47,Louis Vuitton,TRUE
2015-11,51,Louis Vuitton,TRUE
2015-12,62,Louis Vuitton,TRUE
2016-01,53,Louis Vuitton,TRUE
2016-02,49,Louis Vuitton,TRUE
2016-03,48,Louis Vuitton,TRUE
2016-04,49,Louis Vuitton,TRUE
2016-05,51,Louis Vuitton,TRUE
2016-06,47,Louis Vuitton,TRUE
2016-07,49,Louis Vuitton,TRUE
2016-08,47,Louis Vuitton,TRUE
2016-09,50,Louis Vuitton,TRUE
2016-10,53,Louis Vuitton,TRUE
2016-11,54,Louis Vuitton,TRUE
2016-12,69,Louis Vuitton,TRUE
2017-01,60,Louis Vuitton,TRUE
2017-02,56,Louis Vuitton,TRUE
2017-03,57,Louis Vuitton,TRUE
2017-04,60,Louis Vuitton,TRUE
2017-05,61,Louis Vuitton,TRUE
2017-06,62,Louis Vuitton,TRUE
2017-07,72,Louis Vuitton,TRUE
2017-08,70,Louis Vuitton,TRUE
2017-09,70,Louis Vuitton,TRUE
2017-10,74,Louis Vuitton,TRUE
2017-11,79,Louis Vuitton,TRUE
2017-12,97,Louis Vuitton,TRUE
2018-01,78,Louis Vuitton,TRUE
2018-02,76,Louis Vuitton,TRUE
2018-03,75,Louis Vuitton,TRUE
2018-04,75,Louis Vuitton,TRUE
2004-01,24,Gucci,TRUE
2004-02,24,Gucci,TRUE
2004-03,25,Gucci,TRUE
2004-04,24,Gucci,TRUE
2004-05,23,Gucci,TRUE
2004-06,24,Gucci,TRUE
2004-07,24,Gucci,TRUE
2004-08,24,Gucci,TRUE
2004-09,23,Gucci,TRUE
2004-10,24,Gucci,TRUE
2004-11,27,Gucci,TRUE
2004-12,34,Gucci,TRUE
2005-01,26,Gucci,TRUE
2005-02,27,Gucci,TRUE
2005-03,26,Gucci,TRUE
2005-04,26,Gucci,TRUE
2005-05,27,Gucci,TRUE
2005-06,26,Gucci,TRUE
2005-07,26,Gucci,TRUE
2005-08,26,Gucci,TRUE
2005-09,26,Gucci,TRUE
2005-10,25,Gucci,TRUE
2005-11,28,Gucci,TRUE
2005-12,34,Gucci,TRUE
2006-01,26,Gucci,TRUE
2006-02,25,Gucci,TRUE
2006-03,26,Gucci,TRUE
2006-04,26,Gucci,TRUE
2006-05,27,Gucci,TRUE
2006-06,26,Gucci,TRUE
2006-07,26,Gucci,TRUE
2006-08,27,Gucci,TRUE
2006-09,27,Gucci,TRUE
2006-10,29,Gucci,TRUE
2006-11,29,Gucci,TRUE
2006-12,34,Gucci,TRUE
2007-01,26,Gucci,TRUE
2007-02,26,Gucci,TRUE
2007-03,26,Gucci,TRUE
2007-04,26,Gucci,TRUE
2007-05,26,Gucci,TRUE
2007-06,26,Gucci,TRUE
2007-07,26,Gucci,TRUE
2007-08,25,Gucci,TRUE
2007-09,25,Gucci,TRUE
2007-10,26,Gucci,TRUE
2007-11,29,Gucci,TRUE
2007-12,35,Gucci,TRUE
2008-01,27,Gucci,TRUE
2008-02,27,Gucci,TRUE
2008-03,27,Gucci,TRUE
2008-04,27,Gucci,TRUE
2008-05,27,Gucci,TRUE
2008-06,27,Gucci,TRUE
2008-07,27,Gucci,TRUE
2008-08,27,Gucci,TRUE
2008-09,30,Gucci,TRUE
2008-10,30,Gucci,TRUE
2008-11,33,Gucci,TRUE
2008-12,40,Gucci,TRUE
2009-01,32,Gucci,TRUE
2009-02,31,Gucci,TRUE
2009-03,33,Gucci,TRUE
2009-04,33,Gucci,TRUE
2009-05,35,Gucci,TRUE
2009-06,35,Gucci,TRUE
2009-07,35,Gucci,TRUE
2009-08,36,Gucci,TRUE
2009-09,34,Gucci,TRUE
2009-10,36,Gucci,TRUE
2009-11,39,Gucci,TRUE
2009-12,48,Gucci,TRUE
2010-01,37,Gucci,TRUE
2010-02,35,Gucci,TRUE
2010-03,37,Gucci,TRUE
2010-04,35,Gucci,TRUE
2010-05,36,Gucci,TRUE
2010-06,33,Gucci,TRUE
2010-07,34,Gucci,TRUE
2010-08,34,Gucci,TRUE
2010-09,38,Gucci,TRUE
2010-10,35,Gucci,TRUE
2010-11,35,Gucci,TRUE
2010-12,41,Gucci,TRUE
2011-01,41,Gucci,TRUE
2011-02,34,Gucci,TRUE
2011-03,33,Gucci,TRUE
2011-04,33,Gucci,TRUE
2011-05,32,Gucci,TRUE
2011-06,32,Gucci,TRUE
2011-07,36,Gucci,TRUE
2011-08,38,Gucci,TRUE
2011-09,37,Gucci,TRUE
2011-10,34,Gucci,TRUE
2011-11,35,Gucci,TRUE
2011-12,42,Gucci,TRUE
2012-01,33,Gucci,TRUE
2012-02,32,Gucci,TRUE
2012-03,32,Gucci,TRUE
2012-04,31,Gucci,TRUE
2012-05,30,Gucci,TRUE
2012-06,31,Gucci,TRUE
2012-07,29,Gucci,TRUE
2012-08,29,Gucci,TRUE
2012-09,31,Gucci,TRUE
2012-10,32,Gucci,TRUE
2012-11,32,Gucci,TRUE
2012-12,39,Gucci,TRUE
2013-01,31,Gucci,TRUE
2013-02,31,Gucci,TRUE
2013-03,33,Gucci,TRUE
2013-04,32,Gucci,TRUE
2013-05,31,Gucci,TRUE
2013-06,31,Gucci,TRUE
2013-07,30,Gucci,TRUE
2013-08,32,Gucci,TRUE
2013-09,36,Gucci,TRUE
2013-10,28,Gucci,TRUE
2013-11,31,Gucci,TRUE
2013-12,43,Gucci,TRUE
2014-01,31,Gucci,TRUE
2014-02,28,Gucci,TRUE
2014-03,28,Gucci,TRUE
2014-04,29,Gucci,TRUE
2014-05,28,Gucci,TRUE
2014-06,29,Gucci,TRUE
2014-07,29,Gucci,TRUE
2014-08,27,Gucci,TRUE
2014-09,27,Gucci,TRUE
2014-10,27,Gucci,TRUE
2014-11,29,Gucci,TRUE
2014-12,34,Gucci,TRUE
2015-01,26,Gucci,TRUE
2015-02,26,Gucci,TRUE
2015-03,25,Gucci,TRUE
2015-04,24,Gucci,TRUE
2015-05,26,Gucci,TRUE
2015-06,25,Gucci,TRUE
2015-07,27,Gucci,TRUE
2015-08,25,Gucci,TRUE
2015-09,26,Gucci,TRUE
2015-10,26,Gucci,TRUE
2015-11,28,Gucci,TRUE
2015-12,34,Gucci,TRUE
2016-01,27,Gucci,TRUE
2016-02,26,Gucci,TRUE
2016-03,26,Gucci,TRUE
2016-04,25,Gucci,TRUE
2016-05,35,Gucci,TRUE
2016-06,38,Gucci,TRUE
2016-07,34,Gucci,TRUE
2016-08,30,Gucci,TRUE
2016-09,33,Gucci,TRUE
2016-10,35,Gucci,TRUE
2016-11,38,Gucci,TRUE
2016-12,48,Gucci,TRUE
2017-01,39,Gucci,TRUE
2017-02,40,Gucci,TRUE
2017-03,41,Gucci,TRUE
2017-04,43,Gucci,TRUE
2017-05,45,Gucci,TRUE
2017-06,49,Gucci,TRUE
2017-07,51,Gucci,TRUE
2017-08,57,Gucci,TRUE
2017-09,65,Gucci,TRUE
2017-10,77,Gucci,TRUE
2017-11,86,Gucci,TRUE
2017-12,100,Gucci,TRUE
2018-01,82,Gucci,TRUE
2018-02,75,Gucci,TRUE
2018-03,74,Gucci,TRUE
2018-04,76,Gucci,TRUE
2004-01,35,Honcho,TRUE
2004-02,43,Honcho,TRUE
2004-03,35,Honcho,TRUE
2004-04,37,Honcho,TRUE
2004-05,34,Honcho,TRUE
2004-06,34,Honcho,TRUE
2004-07,57,Honcho,TRUE
2004-08,46,Honcho,TRUE
2004-09,48,Honcho,TRUE
2004-10,43,Honcho,TRUE
2004-11,37,Honcho,TRUE
2004-12,52,Honcho,TRUE
2005-01,37,Honcho,TRUE
2005-02,35,Honcho,TRUE
2005-03,48,Honcho,TRUE
2005-04,26,Honcho,TRUE
2005-05,37,Honcho,TRUE
2005-06,45,Honcho,TRUE
2005-07,100,Honcho,TRUE
2005-08,71,Honcho,TRUE
2005-09,46,Honcho,TRUE
2005-10,48,Honcho,TRUE
2005-11,34,Honcho,TRUE
2005-12,38,Honcho,TRUE
2006-01,33,Honcho,TRUE
2006-02,33,Honcho,TRUE
2006-03,44,Honcho,TRUE
2006-04,29,Honcho,TRUE
2006-05,29,Honcho,TRUE
2006-06,40,Honcho,TRUE
2006-07,32,Honcho,TRUE
2006-08,53,Honcho,TRUE
2006-09,43,Honcho,TRUE
2006-10,65,Honcho,TRUE
2006-11,34,Honcho,TRUE
2006-12,37,Honcho,TRUE
2007-01,48,Honcho,TRUE
2007-02,40,Honcho,TRUE
2007-03,34,Honcho,TRUE
2007-04,38,Honcho,TRUE
2007-05,45,Honcho,TRUE
2007-06,47,Honcho,TRUE
2007-07,37,Honcho,TRUE
2007-08,40,Honcho,TRUE
2007-09,39,Honcho,TRUE
2007-10,55,Honcho,TRUE
2007-11,49,Honcho,TRUE
2007-12,41,Honcho,TRUE
2008-01,41,Honcho,TRUE
2008-02,38,Honcho,TRUE
2008-03,48,Honcho,TRUE
2008-04,39,Honcho,TRUE
2008-05,43,Honcho,TRUE
2008-06,45,Honcho,TRUE
2008-07,40,Honcho,TRUE
2008-08,36,Honcho,TRUE
2008-09,38,Honcho,TRUE
2008-10,37,Honcho,TRUE
2008-11,36,Honcho,TRUE
2008-12,36,Honcho,TRUE
2009-01,37,Honcho,TRUE
2009-02,34,Honcho,TRUE
2009-03,35,Honcho,TRUE
2009-04,38,Honcho,TRUE
2009-05,37,Honcho,TRUE
2009-06,40,Honcho,TRUE
2009-07,40,Honcho,TRUE
2009-08,36,Honcho,TRUE
2009-09,38,Honcho,TRUE
2009-10,35,Honcho,TRUE
2009-11,34,Honcho,TRUE
2009-12,37,Honcho,TRUE
2010-01,39,Honcho,TRUE
2010-02,40,Honcho,TRUE
2010-03,35,Honcho,TRUE
2010-04,36,Honcho,TRUE
2010-05,41,Honcho,TRUE
2010-06,40,Honcho,TRUE
2010-07,44,Honcho,TRUE
2010-08,48,Honcho,TRUE
2010-09,41,Honcho,TRUE
2010-10,42,Honcho,TRUE
2010-11,42,Honcho,TRUE
2010-12,43,Honcho,TRUE
2011-01,41,Honcho,TRUE
2011-02,42,Honcho,TRUE
2011-03,45,Honcho,TRUE
2011-04,43,Honcho,TRUE
2011-05,40,Honcho,TRUE
2011-06,41,Honcho,TRUE
2011-07,43,Honcho,TRUE
2011-08,49,Honcho,TRUE
2011-09,46,Honcho,TRUE
2011-10,38,Honcho,TRUE
2011-11,44,Honcho,TRUE
2011-12,54,Honcho,TRUE
2012-01,47,Honcho,TRUE
2012-02,56,Honcho,TRUE
2012-03,53,Honcho,TRUE
2012-04,44,Honcho,TRUE
2012-05,42,Honcho,TRUE
2012-06,47,Honcho,TRUE
2012-07,50,Honcho,TRUE
2012-08,47,Honcho,TRUE
2012-09,50,Honcho,TRUE
2012-10,43,Honcho,TRUE
2012-11,48,Honcho,TRUE
2012-12,50,Honcho,TRUE
2013-01,55,Honcho,TRUE
2013-02,47,Honcho,TRUE
2013-03,48,Honcho,TRUE
2013-04,42,Honcho,TRUE
2013-05,39,Honcho,TRUE
2013-06,46,Honcho,TRUE
2013-07,46,Honcho,TRUE
2013-08,49,Honcho,TRUE
2013-09,42,Honcho,TRUE
2013-10,39,Honcho,TRUE
2013-11,39,Honcho,TRUE
2013-12,44,Honcho,TRUE
2014-01,48,Honcho,TRUE
2014-02,49,Honcho,TRUE
2014-03,44,Honcho,TRUE
2014-04,45,Honcho,TRUE
2014-05,44,Honcho,TRUE
2014-06,49,Honcho,TRUE
2014-07,45,Honcho,TRUE
2014-08,45,Honcho,TRUE
2014-09,41,Honcho,TRUE
2014-10,44,Honcho,TRUE
2014-11,37,Honcho,TRUE
2014-12,43,Honcho,TRUE
2015-01,46,Honcho,TRUE
2015-02,41,Honcho,TRUE
2015-03,40,Honcho,TRUE
2015-04,39,Honcho,TRUE
2015-05,38,Honcho,TRUE
2015-06,40,Honcho,TRUE
2015-07,41,Honcho,TRUE
2015-08,45,Honcho,TRUE
2015-09,37,Honcho,TRUE
2015-10,35,Honcho,TRUE
2015-11,39,Honcho,TRUE
2015-12,48,Honcho,TRUE
2016-01,45,Honcho,TRUE
2016-02,42,Honcho,TRUE
2016-03,40,Honcho,TRUE
2016-04,42,Honcho,TRUE
2016-05,38,Honcho,TRUE
2016-06,42,Honcho,TRUE
2016-07,42,Honcho,TRUE
2016-08,40,Honcho,TRUE
2016-09,43,Honcho,TRUE
2016-10,47,Honcho,TRUE
2016-11,45,Honcho,TRUE
2016-12,51,Honcho,TRUE
2017-01,48,Honcho,TRUE
2017-02,64,Honcho,TRUE
2017-03,61,Honcho,TRUE
2017-04,52,Honcho,TRUE
2017-05,57,Honcho,TRUE
2017-06,58,Honcho,TRUE
2017-07,55,Honcho,TRUE
2017-08,54,Honcho,TRUE
2017-09,52,Honcho,TRUE
2017-10,55,Honcho,TRUE
2017-11,55,Honcho,TRUE
2017-12,68,Honcho,TRUE
2018-01,79,Honcho,TRUE
2018-02,72,Honcho,TRUE
2018-03,65,Honcho,TRUE
2018-04,62,Honcho,TRUE
2004-01,11,Humble,TRUE
2004-02,12,Humble,TRUE
2004-03,14,Humble,TRUE
2004-04,13,Humble,TRUE
2004-05,14,Humble,TRUE
2004-06,14,Humble,TRUE
2004-07,10,Humble,TRUE
2004-08,13,Humble,TRUE
2004-09,12,Humble,TRUE
2004-10,13,Humble,TRUE
2004-11,13,Humble,TRUE
2004-12,12,Humble,TRUE
2005-01,15,Humble,TRUE
2005-02,13,Humble,TRUE
2005-03,14,Humble,TRUE
2005-04,15,Humble,TRUE
2005-05,15,Humble,TRUE
2005-06,16,Humble,TRUE
2005-07,15,Humble,TRUE
2005-08,15,Humble,TRUE
2005-09,16,Humble,TRUE
2005-10,14,Humble,TRUE
2005-11,14,Humble,TRUE
2005-12,13,Humble,TRUE
2006-01,14,Humble,TRUE
2006-02,14,Humble,TRUE
2006-03,14,Humble,TRUE
2006-04,14,Humble,TRUE
2006-05,14,Humble,TRUE
2006-06,14,Humble,TRUE
2006-07,16,Humble,TRUE
2006-08,18,Humble,TRUE
2006-09,15,Humble,TRUE
2006-10,16,Humble,TRUE
2006-11,14,Humble,TRUE
2006-12,14,Humble,TRUE
2007-01,15,Humble,TRUE
2007-02,15,Humble,TRUE
2007-03,13,Humble,TRUE
2007-04,15,Humble,TRUE
2007-05,14,Humble,TRUE
2007-06,13,Humble,TRUE
2007-07,15,Humble,TRUE
2007-08,16,Humble,TRUE
2007-09,14,Humble,TRUE
2007-10,14,Humble,TRUE
2007-11,15,Humble,TRUE
2007-12,14,Humble,TRUE
2008-01,14,Humble,TRUE
2008-02,16,Humble,TRUE
2008-03,15,Humble,TRUE
2008-04,16,Humble,TRUE
2008-05,15,Humble,TRUE
2008-06,16,Humble,TRUE
2008-07,15,Humble,TRUE
2008-08,17,Humble,TRUE
2008-09,16,Humble,TRUE
2008-10,15,Humble,TRUE
2008-11,15,Humble,TRUE
2008-12,15,Humble,TRUE
2009-01,16,Humble,TRUE
2009-02,16,Humble,TRUE
2009-03,16,Humble,TRUE
2009-04,17,Humble,TRUE
2009-05,17,Humble,TRUE
2009-06,17,Humble,TRUE
2009-07,17,Humble,TRUE
2009-08,18,Humble,TRUE
2009-09,20,Humble,TRUE
2009-10,17,Humble,TRUE
2009-11,16,Humble,TRUE
2009-12,16,Humble,TRUE
2010-01,17,Humble,TRUE
2010-02,17,Humble,TRUE
2010-03,17,Humble,TRUE
2010-04,17,Humble,TRUE
2010-05,20,Humble,TRUE
2010-06,17,Humble,TRUE
2010-07,19,Humble,TRUE
2010-08,19,Humble,TRUE
2010-09,18,Humble,TRUE
2010-10,19,Humble,TRUE
2010-11,18,Humble,TRUE
2010-12,25,Humble,TRUE
2011-01,21,Humble,TRUE
2011-02,21,Humble,TRUE
2011-03,20,Humble,TRUE
2011-04,26,Humble,TRUE
2011-05,21,Humble,TRUE
2011-06,21,Humble,TRUE
2011-07,24,Humble,TRUE
2011-08,28,Humble,TRUE
2011-09,22,Humble,TRUE
2011-10,24,Humble,TRUE
2011-11,26,Humble,TRUE
2011-12,32,Humble,TRUE
2012-01,25,Humble,TRUE
2012-02,30,Humble,TRUE
2012-03,25,Humble,TRUE
2012-04,25,Humble,TRUE
2012-05,26,Humble,TRUE
2012-06,38,Humble,TRUE
2012-07,27,Humble,TRUE
2012-08,26,Humble,TRUE
2012-09,29,Humble,TRUE
2012-10,25,Humble,TRUE
2012-11,30,Humble,TRUE
2012-12,50,Humble,TRUE
2013-01,29,Humble,TRUE
2013-02,29,Humble,TRUE
2013-03,33,Humble,TRUE
2013-04,31,Humble,TRUE
2013-05,36,Humble,TRUE
2013-06,40,Humble,TRUE
2013-07,35,Humble,TRUE
2013-08,96,Humble,TRUE
2013-09,65,Humble,TRUE
2013-10,56,Humble,TRUE
2013-11,72,Humble,TRUE
2013-12,67,Humble,TRUE
2014-01,55,Humble,TRUE
2014-02,58,Humble,TRUE
2014-03,48,Humble,TRUE
2014-04,47,Humble,TRUE
2014-05,66,Humble,TRUE
2014-06,49,Humble,TRUE
2014-07,54,Humble,TRUE
2014-08,49,Humble,TRUE
2014-09,54,Humble,TRUE
2014-10,45,Humble,TRUE
2014-11,49,Humble,TRUE
2014-12,47,Humble,TRUE
2015-01,43,Humble,TRUE
2015-02,51,Humble,TRUE
2015-03,43,Humble,TRUE
2015-04,49,Humble,TRUE
2015-05,49,Humble,TRUE
2015-06,48,Humble,TRUE
2015-07,44,Humble,TRUE
2015-08,44,Humble,TRUE
2015-09,45,Humble,TRUE
2015-10,45,Humble,TRUE
2015-11,43,Humble,TRUE
2015-12,44,Humble,TRUE
2016-01,41,Humble,TRUE
2016-02,45,Humble,TRUE
2016-03,45,Humble,TRUE
2016-04,48,Humble,TRUE
2016-05,48,Humble,TRUE
2016-06,46,Humble,TRUE
2016-07,42,Humble,TRUE
2016-08,42,Humble,TRUE
2016-09,43,Humble,TRUE
2016-10,38,Humble,TRUE
2016-11,48,Humble,TRUE
2016-12,41,Humble,TRUE
2017-01,46,Humble,TRUE
2017-02,49,Humble,TRUE
2017-03,50,Humble,TRUE
2017-04,100,Humble,TRUE
2017-05,88,Humble,TRUE
2017-06,77,Humble,TRUE
2017-07,64,Humble,TRUE
2017-08,61,Humble,TRUE
2017-09,70,Humble,TRUE
2017-10,61,Humble,TRUE
2017-11,57,Humble,TRUE
2017-12,64,Humble,TRUE
2018-01,64,Humble,TRUE
2018-02,55,Humble,TRUE
2018-03,53,Humble,TRUE
2018-04,53,Humble,TRUE
2004-01,99,LSD,TRUE
2004-02,91,LSD,TRUE
2004-03,100,LSD,TRUE
2004-04,95,LSD,TRUE
2004-05,89,LSD,TRUE
2004-06,72,LSD,TRUE
2004-07,64,LSD,TRUE
2004-08,63,LSD,TRUE
2004-09,74,LSD,TRUE
2004-10,84,LSD,TRUE
2004-11,88,LSD,TRUE
2004-12,86,LSD,TRUE
2005-01,92,LSD,TRUE
2005-02,88,LSD,TRUE
2005-03,89,LSD,TRUE
2005-04,90,LSD,TRUE
2005-05,89,LSD,TRUE
2005-06,79,LSD,TRUE
2005-07,72,LSD,TRUE
2005-08,72,LSD,TRUE
2005-09,73,LSD,TRUE
2005-10,83,LSD,TRUE
2005-11,83,LSD,TRUE
2005-12,77,LSD,TRUE
2006-01,89,LSD,TRUE
2006-02,81,LSD,TRUE
2006-03,79,LSD,TRUE
2006-04,78,LSD,TRUE
2006-05,78,LSD,TRUE
2006-06,67,LSD,TRUE
2006-07,61,LSD,TRUE
2006-08,64,LSD,TRUE
2006-09,68,LSD,TRUE
2006-10,69,LSD,TRUE
2006-11,71,LSD,TRUE
2006-12,68,LSD,TRUE
2007-01,69,LSD,TRUE
2007-02,66,LSD,TRUE
2007-03,66,LSD,TRUE
2007-04,68,LSD,TRUE
2007-05,69,LSD,TRUE
2007-06,65,LSD,TRUE
2007-07,60,LSD,TRUE
2007-08,61,LSD,TRUE
2007-09,63,LSD,TRUE
2007-10,69,LSD,TRUE
2007-11,70,LSD,TRUE
2007-12,67,LSD,TRUE
2008-01,65,LSD,TRUE
2008-02,64,LSD,TRUE
2008-03,65,LSD,TRUE
2008-04,78,LSD,TRUE
2008-05,79,LSD,TRUE
2008-06,61,LSD,TRUE
2008-07,60,LSD,TRUE
2008-08,59,LSD,TRUE
2008-09,61,LSD,TRUE
2008-10,65,LSD,TRUE
2008-11,64,LSD,TRUE
2008-12,60,LSD,TRUE
2009-01,57,LSD,TRUE
2009-02,57,LSD,TRUE
2009-03,61,LSD,TRUE
2009-04,59,LSD,TRUE
2009-05,60,LSD,TRUE
2009-06,56,LSD,TRUE
2009-07,52,LSD,TRUE
2009-08,56,LSD,TRUE
2009-09,56,LSD,TRUE
2009-10,56,LSD,TRUE
2009-11,60,LSD,TRUE
2009-12,56,LSD,TRUE
2010-01,52,LSD,TRUE
2010-02,54,LSD,TRUE
2010-03,66,LSD,TRUE
2010-04,61,LSD,TRUE
2010-05,58,LSD,TRUE
2010-06,52,LSD,TRUE
2010-07,50,LSD,TRUE
2010-08,54,LSD,TRUE
2010-09,52,LSD,TRUE
2010-10,58,LSD,TRUE
2010-11,57,LSD,TRUE
2010-12,54,LSD,TRUE
2011-01,59,LSD,TRUE
2011-02,55,LSD,TRUE
2011-03,55,LSD,TRUE
2011-04,56,LSD,TRUE
2011-05,53,LSD,TRUE
2011-06,51,LSD,TRUE
2011-07,48,LSD,TRUE
2011-08,47,LSD,TRUE
2011-09,47,LSD,TRUE
2011-10,57,LSD,TRUE
2011-11,55,LSD,TRUE
2011-12,50,LSD,TRUE
2012-01,52,LSD,TRUE
2012-02,52,LSD,TRUE
2012-03,52,LSD,TRUE
2012-04,53,LSD,TRUE
2012-05,65,LSD,TRUE
2012-06,58,LSD,TRUE
2012-07,46,LSD,TRUE
2012-08,48,LSD,TRUE
2012-09,48,LSD,TRUE
2012-10,48,LSD,TRUE
2012-11,50,LSD,TRUE
2012-12,50,LSD,TRUE
2013-01,49,LSD,TRUE
2013-02,50,LSD,TRUE
2013-03,52,LSD,TRUE
2013-04,55,LSD,TRUE
2013-05,54,LSD,TRUE
2013-06,51,LSD,TRUE
2013-07,50,LSD,TRUE
2013-08,52,LSD,TRUE
2013-09,52,LSD,TRUE
2013-10,53,LSD,TRUE
2013-11,58,LSD,TRUE
2013-12,53,LSD,TRUE
2014-01,53,LSD,TRUE
2014-02,53,LSD,TRUE
2014-03,62,LSD,TRUE
2014-04,70,LSD,TRUE
2014-05,60,LSD,TRUE
2014-06,53,LSD,TRUE
2014-07,53,LSD,TRUE
2014-08,52,LSD,TRUE
2014-09,50,LSD,TRUE
2014-10,53,LSD,TRUE
2014-11,55,LSD,TRUE
2014-12,55,LSD,TRUE
2015-01,59,LSD,TRUE
2015-02,56,LSD,TRUE
2015-03,56,LSD,TRUE
2015-04,56,LSD,TRUE
2015-05,69,LSD,TRUE
2015-06,63,LSD,TRUE
2015-07,60,LSD,TRUE
2015-08,63,LSD,TRUE
2015-09,60,LSD,TRUE
2015-10,62,LSD,TRUE
2015-11,62,LSD,TRUE
2015-12,60,LSD,TRUE
2016-01,56,LSD,TRUE
2016-02,57,LSD,TRUE
2016-03,59,LSD,TRUE
2016-04,66,LSD,TRUE
2016-05,59,LSD,TRUE
2016-06,53,LSD,TRUE
2016-07,51,LSD,TRUE
2016-08,50,LSD,TRUE
2016-09,56,LSD,TRUE
2016-10,56,LSD,TRUE
2016-11,56,LSD,TRUE
2016-12,56,LSD,TRUE
2017-01,57,LSD,TRUE
2017-02,57,LSD,TRUE
2017-03,59,LSD,TRUE
2017-04,62,LSD,TRUE
2017-05,58,LSD,TRUE
2017-06,56,LSD,TRUE
2017-07,56,LSD,TRUE
2017-08,53,LSD,TRUE
2017-09,52,LSD,TRUE
2017-10,55,LSD,TRUE
2017-11,54,LSD,TRUE
2017-12,53,LSD,TRUE
2018-01,52,LSD,TRUE
2018-02,51,LSD,TRUE
2018-03,53,LSD,TRUE
2018-04,56,LSD,TRUE
2004-01,31,Pablo,TRUE
2004-02,34,Pablo,TRUE
2004-03,38,Pablo,TRUE
2004-04,40,Pablo,TRUE
2004-05,44,Pablo,TRUE
2004-06,44,Pablo,TRUE
2004-07,44,Pablo,TRUE
2004-08,36,Pablo,TRUE
2004-09,37,Pablo,TRUE
2004-10,37,Pablo,TRUE
2004-11,35,Pablo,TRUE
2004-12,30,Pablo,TRUE
2005-01,31,Pablo,TRUE
2005-02,33,Pablo,TRUE
2005-03,33,Pablo,TRUE
2005-04,100,Pablo,TRUE
2005-05,42,Pablo,TRUE
2005-06,35,Pablo,TRUE
2005-07,29,Pablo,TRUE
2005-08,31,Pablo,TRUE
2005-09,33,Pablo,TRUE
2005-10,34,Pablo,TRUE
2005-11,33,Pablo,TRUE
2005-12,26,Pablo,TRUE
2006-01,30,Pablo,TRUE
2006-02,31,Pablo,TRUE
2006-03,32,Pablo,TRUE
2006-04,32,Pablo,TRUE
2006-05,35,Pablo,TRUE
2006-06,31,Pablo,TRUE
2006-07,29,Pablo,TRUE
2006-08,26,Pablo,TRUE
2006-09,31,Pablo,TRUE
2006-10,31,Pablo,TRUE
2006-11,28,Pablo,TRUE
2006-12,24,Pablo,TRUE
2007-01,26,Pablo,TRUE
2007-02,26,Pablo,TRUE
2007-03,27,Pablo,TRUE
2007-04,28,Pablo,TRUE
2007-05,28,Pablo,TRUE
2007-06,28,Pablo,TRUE
2007-07,25,Pablo,TRUE
2007-08,25,Pablo,TRUE
2007-09,28,Pablo,TRUE
2007-10,28,Pablo,TRUE
2007-11,27,Pablo,TRUE
2007-12,22,Pablo,TRUE
2008-01,26,Pablo,TRUE
2008-02,26,Pablo,TRUE
2008-03,25,Pablo,TRUE
2008-04,28,Pablo,TRUE
2008-05,28,Pablo,TRUE
2008-06,28,Pablo,TRUE
2008-07,26,Pablo,TRUE
2008-08,26,Pablo,TRUE
2008-09,28,Pablo,TRUE
2008-10,29,Pablo,TRUE
2008-11,28,Pablo,TRUE
2008-12,23,Pablo,TRUE
2009-01,27,Pablo,TRUE
2009-02,26,Pablo,TRUE
2009-03,28,Pablo,TRUE
2009-04,27,Pablo,TRUE
2009-05,29,Pablo,TRUE
2009-06,29,Pablo,TRUE
2009-07,30,Pablo,TRUE
2009-08,28,Pablo,TRUE
2009-09,30,Pablo,TRUE
2009-10,29,Pablo,TRUE
2009-11,28,Pablo,TRUE
2009-12,23,Pablo,TRUE
2010-01,26,Pablo,TRUE
2010-02,27,Pablo,TRUE
2010-03,28,Pablo,TRUE
2010-04,29,Pablo,TRUE
2010-05,31,Pablo,TRUE
2010-06,29,Pablo,TRUE
2010-07,29,Pablo,TRUE
2010-08,26,Pablo,TRUE
2010-09,28,Pablo,TRUE
2010-10,28,Pablo,TRUE
2010-11,27,Pablo,TRUE
2010-12,24,Pablo,TRUE
2011-01,29,Pablo,TRUE
2011-02,31,Pablo,TRUE
2011-03,33,Pablo,TRUE
2011-04,35,Pablo,TRUE
2011-05,37,Pablo,TRUE
2011-06,32,Pablo,TRUE
2011-07,30,Pablo,TRUE
2011-08,30,Pablo,TRUE
2011-09,31,Pablo,TRUE
2011-10,30,Pablo,TRUE
2011-11,32,Pablo,TRUE
2011-12,29,Pablo,TRUE
2012-01,31,Pablo,TRUE
2012-02,31,Pablo,TRUE
2012-03,32,Pablo,TRUE
2012-04,30,Pablo,TRUE
2012-05,33,Pablo,TRUE
2012-06,36,Pablo,TRUE
2012-07,38,Pablo,TRUE
2012-08,41,Pablo,TRUE
2012-09,45,Pablo,TRUE
2012-10,40,Pablo,TRUE
2012-11,41,Pablo,TRUE
2012-12,35,Pablo,TRUE
2013-01,39,Pablo,TRUE
2013-02,38,Pablo,TRUE
2013-03,40,Pablo,TRUE
2013-04,38,Pablo,TRUE
2013-05,36,Pablo,TRUE
2013-06,34,Pablo,TRUE
2013-07,35,Pablo,TRUE
2013-08,35,Pablo,TRUE
2013-09,34,Pablo,TRUE
2013-10,34,Pablo,TRUE
2013-11,32,Pablo,TRUE
2013-12,31,Pablo,TRUE
2014-01,44,Pablo,TRUE
2014-02,43,Pablo,TRUE
2014-03,44,Pablo,TRUE
2014-04,37,Pablo,TRUE
2014-05,38,Pablo,TRUE
2014-06,37,Pablo,TRUE
2014-07,36,Pablo,TRUE
2014-08,32,Pablo,TRUE
2014-09,35,Pablo,TRUE
2014-10,38,Pablo,TRUE
2014-11,45,Pablo,TRUE
2014-12,40,Pablo,TRUE
2015-01,39,Pablo,TRUE
2015-02,38,Pablo,TRUE
2015-03,35,Pablo,TRUE
2015-04,36,Pablo,TRUE
2015-05,37,Pablo,TRUE
2015-06,36,Pablo,TRUE
2015-07,34,Pablo,TRUE
2015-08,36,Pablo,TRUE
2015-09,58,Pablo,TRUE
2015-10,46,Pablo,TRUE
2015-11,43,Pablo,TRUE
2015-12,41,Pablo,TRUE
2016-01,43,Pablo,TRUE
2016-02,60,Pablo,TRUE
2016-03,41,Pablo,TRUE
2016-04,40,Pablo,TRUE
2016-05,36,Pablo,TRUE
2016-06,39,Pablo,TRUE
2016-07,34,Pablo,TRUE
2016-08,33,Pablo,TRUE
2016-09,72,Pablo,TRUE
2016-10,47,Pablo,TRUE
2016-11,38,Pablo,TRUE
2016-12,36,Pablo,TRUE
2017-01,35,Pablo,TRUE
2017-02,38,Pablo,TRUE
2017-03,35,Pablo,TRUE
2017-04,32,Pablo,TRUE
2017-05,33,Pablo,TRUE
2017-06,34,Pablo,TRUE
2017-07,33,Pablo,TRUE
2017-08,36,Pablo,TRUE
2017-09,44,Pablo,TRUE
2017-10,42,Pablo,TRUE
2017-11,38,Pablo,TRUE
2017-12,39,Pablo,TRUE
2018-01,40,Pablo,TRUE
2018-02,39,Pablo,TRUE
2018-03,36,Pablo,TRUE
2018-04,37,Pablo,TRUE
2004-01,63,Panda,TRUE
2004-02,66,Panda,TRUE
2004-03,67,Panda,TRUE
2004-04,68,Panda,TRUE
2004-05,95,Panda,TRUE
2004-06,74,Panda,TRUE
2004-07,74,Panda,TRUE
2004-08,75,Panda,TRUE
2004-09,82,Panda,TRUE
2004-10,88,Panda,TRUE
2004-11,92,Panda,TRUE
2004-12,86,Panda,TRUE
2005-01,88,Panda,TRUE
2005-02,89,Panda,TRUE
2005-03,79,Panda,TRUE
2005-04,75,Panda,TRUE
2005-05,75,Panda,TRUE
2005-06,66,Panda,TRUE
2005-07,65,Panda,TRUE
2005-08,70,Panda,TRUE
2005-09,70,Panda,TRUE
2005-10,71,Panda,TRUE
2005-11,74,Panda,TRUE
2005-12,75,Panda,TRUE
2006-01,74,Panda,TRUE
2006-02,69,Panda,TRUE
2006-03,67,Panda,TRUE
2006-04,66,Panda,TRUE
2006-05,64,Panda,TRUE
2006-06,59,Panda,TRUE
2006-07,58,Panda,TRUE
2006-08,58,Panda,TRUE
2006-09,65,Panda,TRUE
2006-10,64,Panda,TRUE
2006-11,63,Panda,TRUE
2006-12,64,Panda,TRUE
2007-01,66,Panda,TRUE
2007-02,63,Panda,TRUE
2007-03,64,Panda,TRUE
2007-04,62,Panda,TRUE
2007-05,62,Panda,TRUE
2007-06,59,Panda,TRUE
2007-07,55,Panda,TRUE
2007-08,59,Panda,TRUE
2007-09,62,Panda,TRUE
2007-10,60,Panda,TRUE
2007-11,59,Panda,TRUE
2007-12,57,Panda,TRUE
2008-01,55,Panda,TRUE
2008-02,56,Panda,TRUE
2008-03,56,Panda,TRUE
2008-04,59,Panda,TRUE
2008-05,64,Panda,TRUE
2008-06,96,Panda,TRUE
2008-07,100,Panda,TRUE
2008-08,75,Panda,TRUE
2008-09,65,Panda,TRUE
2008-10,59,Panda,TRUE
2008-11,64,Panda,TRUE
2008-12,58,Panda,TRUE
2009-01,56,Panda,TRUE
2009-02,54,Panda,TRUE
2009-03,50,Panda,TRUE
2009-04,48,Panda,TRUE
2009-05,47,Panda,TRUE
2009-06,45,Panda,TRUE
2009-07,44,Panda,TRUE
2009-08,44,Panda,TRUE
2009-09,47,Panda,TRUE
2009-10,49,Panda,TRUE
2009-11,46,Panda,TRUE
2009-12,45,Panda,TRUE
2010-01,45,Panda,TRUE
2010-02,44,Panda,TRUE
2010-03,44,Panda,TRUE
2010-04,43,Panda,TRUE
2010-05,43,Panda,TRUE
2010-06,41,Panda,TRUE
2010-07,42,Panda,TRUE
2010-08,41,Panda,TRUE
2010-09,43,Panda,TRUE
2010-10,45,Panda,TRUE
2010-11,47,Panda,TRUE
2010-12,45,Panda,TRUE
2011-01,45,Panda,TRUE
2011-02,45,Panda,TRUE
2011-03,45,Panda,TRUE
2011-04,45,Panda,TRUE
2011-05,62,Panda,TRUE
2011-06,93,Panda,TRUE
2011-07,65,Panda,TRUE
2011-08,57,Panda,TRUE
2011-09,54,Panda,TRUE
2011-10,54,Panda,TRUE
2011-11,52,Panda,TRUE
2011-12,57,Panda,TRUE
2012-01,52,Panda,TRUE
2012-02,48,Panda,TRUE
2012-03,49,Panda,TRUE
2012-04,46,Panda,TRUE
2012-05,45,Panda,TRUE
2012-06,44,Panda,TRUE
2012-07,43,Panda,TRUE
2012-08,42,Panda,TRUE
2012-09,51,Panda,TRUE
2012-10,48,Panda,TRUE
2012-11,44,Panda,TRUE
2012-12,45,Panda,TRUE
2013-01,46,Panda,TRUE
2013-02,45,Panda,TRUE
2013-03,44,Panda,TRUE
2013-04,44,Panda,TRUE
2013-05,42,Panda,TRUE
2013-06,44,Panda,TRUE
2013-07,43,Panda,TRUE
2013-08,45,Panda,TRUE
2013-09,45,Panda,TRUE
2013-10,47,Panda,TRUE
2013-11,45,Panda,TRUE
2013-12,46,Panda,TRUE
2014-01,47,Panda,TRUE
2014-02,45,Panda,TRUE
2014-03,44,Panda,TRUE
2014-04,45,Panda,TRUE
2014-05,46,Panda,TRUE
2014-06,43,Panda,TRUE
2014-07,43,Panda,TRUE
2014-08,47,Panda,TRUE
2014-09,44,Panda,TRUE
2014-10,46,Panda,TRUE
2014-11,46,Panda,TRUE
2014-12,46,Panda,TRUE
2015-01,46,Panda,TRUE
2015-02,47,Panda,TRUE
2015-03,45,Panda,TRUE
2015-04,45,Panda,TRUE
2015-05,46,Panda,TRUE
2015-06,46,Panda,TRUE
2015-07,44,Panda,TRUE
2015-08,48,Panda,TRUE
2015-09,47,Panda,TRUE
2015-10,47,Panda,TRUE
2015-11,49,Panda,TRUE
2015-12,54,Panda,TRUE
2016-01,61,Panda,TRUE
2016-02,71,Panda,TRUE
2016-03,88,Panda,TRUE
2016-04,90,Panda,TRUE
2016-05,83,Panda,TRUE
2016-06,75,Panda,TRUE
2016-07,66,Panda,TRUE
2016-08,58,Panda,TRUE
2016-09,57,Panda,TRUE
2016-10,57,Panda,TRUE
2016-11,54,Panda,TRUE
2016-12,56,Panda,TRUE
2017-01,53,Panda,TRUE
2017-02,53,Panda,TRUE
2017-03,51,Panda,TRUE
2017-04,50,Panda,TRUE
2017-05,48,Panda,TRUE
2017-06,47,Panda,TRUE
2017-07,48,Panda,TRUE
2017-08,48,Panda,TRUE
2017-09,48,Panda,TRUE
2017-10,48,Panda,TRUE
2017-11,50,Panda,TRUE
2017-12,49,Panda,TRUE
2018-01,48,Panda,TRUE
2018-02,48,Panda,TRUE
2018-03,47,Panda,TRUE
2018-04,47,Panda,TRUE
2004-01,7,Raf Simons,TRUE
2004-02,7,Raf Simons,TRUE
2004-03,9,Raf Simons,TRUE
2004-04,6,Raf Simons,TRUE
2004-05,5,Raf Simons,TRUE
2004-06,5,Raf Simons,TRUE
2004-07,6,Raf Simons,TRUE
2004-08,3,Raf Simons,TRUE
2004-09,6,Raf Simons,TRUE
2004-10,9,Raf Simons,TRUE
2004-11,6,Raf Simons,TRUE
2004-12,5,Raf Simons,TRUE
2005-01,3,Raf Simons,TRUE
2005-02,9,Raf Simons,TRUE
2005-03,4,Raf Simons,TRUE
2005-04,6,Raf Simons,TRUE
2005-05,8,Raf Simons,TRUE
2005-06,6,Raf Simons,TRUE
2005-07,8,Raf Simons,TRUE
2005-08,6,Raf Simons,TRUE
2005-09,7,Raf Simons,TRUE
2005-10,7,Raf Simons,TRUE
2005-11,7,Raf Simons,TRUE
2005-12,7,Raf Simons,TRUE
2006-01,10,Raf Simons,TRUE
2006-02,12,Raf Simons,TRUE
2006-03,10,Raf Simons,TRUE
2006-04,9,Raf Simons,TRUE
2006-05,6,Raf Simons,TRUE
2006-06,7,Raf Simons,TRUE
2006-07,8,Raf Simons,TRUE
2006-08,7,Raf Simons,TRUE
2006-09,6,Raf Simons,TRUE
2006-10,5,Raf Simons,TRUE
2006-11,7,Raf Simons,TRUE
2006-12,6,Raf Simons,TRUE
2007-01,9,Raf Simons,TRUE
2007-02,9,Raf Simons,TRUE
2007-03,9,Raf Simons,TRUE
2007-04,7,Raf Simons,TRUE
2007-05,8,Raf Simons,TRUE
2007-06,8,Raf Simons,TRUE
2007-07,10,Raf Simons,TRUE
2007-08,7,Raf Simons,TRUE
2007-09,9,Raf Simons,TRUE
2007-10,10,Raf Simons,TRUE
2007-11,11,Raf Simons,TRUE
2007-12,11,Raf Simons,TRUE
2008-01,12,Raf Simons,TRUE
2008-02,15,Raf Simons,TRUE
2008-03,13,Raf Simons,TRUE
2008-04,12,Raf Simons,TRUE
2008-05,11,Raf Simons,TRUE
2008-06,13,Raf Simons,TRUE
2008-07,15,Raf Simons,TRUE
2008-08,16,Raf Simons,TRUE
2008-09,16,Raf Simons,TRUE
2008-10,17,Raf Simons,TRUE
2008-11,14,Raf Simons,TRUE
2008-12,17,Raf Simons,TRUE
2009-01,17,Raf Simons,TRUE
2009-02,15,Raf Simons,TRUE
2009-03,16,Raf Simons,TRUE
2009-04,17,Raf Simons,TRUE
2009-05,13,Raf Simons,TRUE
2009-06,14,Raf Simons,TRUE
2009-07,12,Raf Simons,TRUE
2009-08,15,Raf Simons,TRUE
2009-09,14,Raf Simons,TRUE
2009-10,13,Raf Simons,TRUE
2009-11,17,Raf Simons,TRUE
2009-12,12,Raf Simons,TRUE
2010-01,14,Raf Simons,TRUE
2010-02,12,Raf Simons,TRUE
2010-03,11,Raf Simons,TRUE
2010-04,11,Raf Simons,TRUE
2010-05,9,Raf Simons,TRUE
2010-06,10,Raf Simons,TRUE
2010-07,8,Raf Simons,TRUE
2010-08,9,Raf Simons,TRUE
2010-09,8,Raf Simons,TRUE
2010-10,8,Raf Simons,TRUE
2010-11,9,Raf Simons,TRUE
2010-12,9,Raf Simons,TRUE
2011-01,11,Raf Simons,TRUE
2011-02,9,Raf Simons,TRUE
2011-03,8,Raf Simons,TRUE
2011-04,8,Raf Simons,TRUE
2011-05,9,Raf Simons,TRUE
2011-06,10,Raf Simons,TRUE
2011-07,10,Raf Simons,TRUE
2011-08,9,Raf Simons,TRUE
2011-09,13,Raf Simons,TRUE
2011-10,11,Raf Simons,TRUE
2011-11,9,Raf Simons,TRUE
2011-12,18,Raf Simons,TRUE
2012-01,15,Raf Simons,TRUE
2012-02,24,Raf Simons,TRUE
2012-03,15,Raf Simons,TRUE
2012-04,36,Raf Simons,TRUE
2012-05,12,Raf Simons,TRUE
2012-06,13,Raf Simons,TRUE
2012-07,30,Raf Simons,TRUE
2012-08,13,Raf Simons,TRUE
2012-09,17,Raf Simons,TRUE
2012-10,17,Raf Simons,TRUE
2012-11,12,Raf Simons,TRUE
2012-12,14,Raf Simons,TRUE
2013-01,28,Raf Simons,TRUE
2013-02,22,Raf Simons,TRUE
2013-03,19,Raf Simons,TRUE
2013-04,16,Raf Simons,TRUE
2013-05,16,Raf Simons,TRUE
2013-06,19,Raf Simons,TRUE
2013-07,22,Raf Simons,TRUE
2013-08,19,Raf Simons,TRUE
2013-09,18,Raf Simons,TRUE
2013-10,18,Raf Simons,TRUE
2013-11,18,Raf Simons,TRUE
2013-12,21,Raf Simons,TRUE
2014-01,26,Raf Simons,TRUE
2014-02,21,Raf Simons,TRUE
2014-03,24,Raf Simons,TRUE
2014-04,23,Raf Simons,TRUE
2014-05,23,Raf Simons,TRUE
2014-06,24,Raf Simons,TRUE
2014-07,28,Raf Simons,TRUE
2014-08,25,Raf Simons,TRUE
2014-09,25,Raf Simons,TRUE
2014-10,23,Raf Simons,TRUE
2014-11,23,Raf Simons,TRUE
2014-12,28,Raf Simons,TRUE
2015-01,46,Raf Simons,TRUE
2015-02,45,Raf Simons,TRUE
2015-03,46,Raf Simons,TRUE
2015-04,49,Raf Simons,TRUE
2015-05,49,Raf Simons,TRUE
2015-06,43,Raf Simons,TRUE
2015-07,51,Raf Simons,TRUE
2015-08,56,Raf Simons,TRUE
2015-09,59,Raf Simons,TRUE
2015-10,73,Raf Simons,TRUE
2015-11,59,Raf Simons,TRUE
2015-12,60,Raf Simons,TRUE
2016-01,71,Raf Simons,TRUE
2016-02,66,Raf Simons,TRUE
2016-03,69,Raf Simons,TRUE
2016-04,67,Raf Simons,TRUE
2016-05,59,Raf Simons,TRUE
2016-06,65,Raf Simons,TRUE
2016-07,55,Raf Simons,TRUE
2016-08,63,Raf Simons,TRUE
2016-09,54,Raf Simons,TRUE
2016-10,54,Raf Simons,TRUE
2016-11,50,Raf Simons,TRUE
2016-12,52,Raf Simons,TRUE
2017-01,68,Raf Simons,TRUE
2017-02,93,Raf Simons,TRUE
2017-03,76,Raf Simons,TRUE
2017-04,62,Raf Simons,TRUE
2017-05,81,Raf Simons,TRUE
2017-06,75,Raf Simons,TRUE
2017-07,86,Raf Simons,TRUE
2017-08,94,Raf Simons,TRUE
2017-09,100,Raf Simons,TRUE
2017-10,85,Raf Simons,TRUE
2017-11,77,Raf Simons,TRUE
2017-12,75,Raf Simons,TRUE
2018-01,75,Raf Simons,TRUE
2018-02,88,Raf Simons,TRUE
2018-03,77,Raf Simons,TRUE
2018-04,69,Raf Simons,TRUE
2004-01,78,Savage,TRUE
2004-02,72,Savage,TRUE
2004-03,71,Savage,TRUE
2004-04,73,Savage,TRUE
2004-05,83,Savage,TRUE
2004-06,68,Savage,TRUE
2004-07,68,Savage,TRUE
2004-08,68,Savage,TRUE
2004-09,72,Savage,TRUE
2004-10,68,Savage,TRUE
2004-11,64,Savage,TRUE
2004-12,59,Savage,TRUE
2005-01,60,Savage,TRUE
2005-02,61,Savage,TRUE
2005-03,59,Savage,TRUE
2005-04,58,Savage,TRUE
2005-05,54,Savage,TRUE
2005-06,51,Savage,TRUE
2005-07,57,Savage,TRUE
2005-08,59,Savage,TRUE
2005-09,56,Savage,TRUE
2005-10,56,Savage,TRUE
2005-11,56,Savage,TRUE
2005-12,59,Savage,TRUE
2006-01,58,Savage,TRUE
2006-02,56,Savage,TRUE
2006-03,53,Savage,TRUE
2006-04,51,Savage,TRUE
2006-05,48,Savage,TRUE
2006-06,51,Savage,TRUE
2006-07,49,Savage,TRUE
2006-08,52,Savage,TRUE
2006-09,74,Savage,TRUE
2006-10,54,Savage,TRUE
2006-11,50,Savage,TRUE
2006-12,50,Savage,TRUE
2007-01,47,Savage,TRUE
2007-02,46,Savage,TRUE
2007-03,46,Savage,TRUE
2007-04,48,Savage,TRUE
2007-05,44,Savage,TRUE
2007-06,45,Savage,TRUE
2007-07,45,Savage,TRUE
2007-08,49,Savage,TRUE
2007-09,43,Savage,TRUE
2007-10,45,Savage,TRUE
2007-11,44,Savage,TRUE
2007-12,47,Savage,TRUE
2008-01,47,Savage,TRUE
2008-02,47,Savage,TRUE
2008-03,45,Savage,TRUE
2008-04,45,Savage,TRUE
2008-05,46,Savage,TRUE
2008-06,43,Savage,TRUE
2008-07,48,Savage,TRUE
2008-08,45,Savage,TRUE
2008-09,43,Savage,TRUE
2008-10,48,Savage,TRUE
2008-11,48,Savage,TRUE
2008-12,48,Savage,TRUE
2009-01,46,Savage,TRUE
2009-02,45,Savage,TRUE
2009-03,44,Savage,TRUE
2009-04,44,Savage,TRUE
2009-05,48,Savage,TRUE
2009-06,40,Savage,TRUE
2009-07,40,Savage,TRUE
2009-08,40,Savage,TRUE
2009-09,41,Savage,TRUE
2009-10,39,Savage,TRUE
2009-11,39,Savage,TRUE
2009-12,37,Savage,TRUE
2010-01,39,Savage,TRUE
2010-02,39,Savage,TRUE
2010-03,38,Savage,TRUE
2010-04,37,Savage,TRUE
2010-05,37,Savage,TRUE
2010-06,35,Savage,TRUE
2010-07,37,Savage,TRUE
2010-08,38,Savage,TRUE
2010-09,36,Savage,TRUE
2010-10,39,Savage,TRUE
2010-11,39,Savage,TRUE
2010-12,38,Savage,TRUE
2011-01,40,Savage,TRUE
2011-02,38,Savage,TRUE
2011-03,36,Savage,TRUE
2011-04,37,Savage,TRUE
2011-05,100,Savage,TRUE
2011-06,39,Savage,TRUE
2011-07,38,Savage,TRUE
2011-08,37,Savage,TRUE
2011-09,38,Savage,TRUE
2011-10,40,Savage,TRUE
2011-11,44,Savage,TRUE
2011-12,42,Savage,TRUE
2012-01,41,Savage,TRUE
2012-02,38,Savage,TRUE
2012-03,38,Savage,TRUE
2012-04,41,Savage,TRUE
2012-05,37,Savage,TRUE
2012-06,37,Savage,TRUE
2012-07,37,Savage,TRUE
2012-08,37,Savage,TRUE
2012-09,39,Savage,TRUE
2012-10,41,Savage,TRUE
2012-11,43,Savage,TRUE
2012-12,42,Savage,TRUE
2013-01,39,Savage,TRUE
2013-02,39,Savage,TRUE
2013-03,36,Savage,TRUE
2013-04,35,Savage,TRUE
2013-05,33,Savage,TRUE
2013-06,33,Savage,TRUE
2013-07,35,Savage,TRUE
2013-08,34,Savage,TRUE
2013-09,33,Savage,TRUE
2013-10,34,Savage,TRUE
2013-11,38,Savage,TRUE
2013-12,36,Savage,TRUE
2014-01,36,Savage,TRUE
2014-02,34,Savage,TRUE
2014-03,33,Savage,TRUE
2014-04,34,Savage,TRUE
2014-05,34,Savage,TRUE
2014-06,34,Savage,TRUE
2014-07,35,Savage,TRUE
2014-08,35,Savage,TRUE
2014-09,33,Savage,TRUE
2014-10,37,Savage,TRUE
2014-11,37,Savage,TRUE
2014-12,39,Savage,TRUE
2015-01,40,Savage,TRUE
2015-02,38,Savage,TRUE
2015-03,39,Savage,TRUE
2015-04,35,Savage,TRUE
2015-05,36,Savage,TRUE
2015-06,34,Savage,TRUE
2015-07,37,Savage,TRUE
2015-08,38,Savage,TRUE
2015-09,39,Savage,TRUE
2015-10,39,Savage,TRUE
2015-11,42,Savage,TRUE
2015-12,46,Savage,TRUE
2016-01,42,Savage,TRUE
2016-02,40,Savage,TRUE
2016-03,41,Savage,TRUE
2016-04,41,Savage,TRUE
2016-05,45,Savage,TRUE
2016-06,41,Savage,TRUE
2016-07,45,Savage,TRUE
2016-08,47,Savage,TRUE
2016-09,49,Savage,TRUE
2016-10,56,Savage,TRUE
2016-11,63,Savage,TRUE
2016-12,68,Savage,TRUE
2017-01,61,Savage,TRUE
2017-02,58,Savage,TRUE
2017-03,56,Savage,TRUE
2017-04,50,Savage,TRUE
2017-05,48,Savage,TRUE
2017-06,48,Savage,TRUE
2017-07,66,Savage,TRUE
2017-08,54,Savage,TRUE
2017-09,54,Savage,TRUE
2017-10,60,Savage,TRUE
2017-11,65,Savage,TRUE
2017-12,63,Savage,TRUE
2018-01,57,Savage,TRUE
2018-02,52,Savage,TRUE
2018-03,52,Savage,TRUE
2018-04,50,Savage,TRUE
2004-01,14,Thrift,TRUE
2004-02,14,Thrift,TRUE
2004-03,13,Thrift,TRUE
2004-04,13,Thrift,TRUE
2004-05,12,Thrift,TRUE
2004-06,14,Thrift,TRUE
2004-07,14,Thrift,TRUE
2004-08,16,Thrift,TRUE
2004-09,15,Thrift,TRUE
2004-10,16,Thrift,TRUE
2004-11,14,Thrift,TRUE
2004-12,13,Thrift,TRUE
2005-01,13,Thrift,TRUE
2005-02,14,Thrift,TRUE
2005-03,14,Thrift,TRUE
2005-04,13,Thrift,TRUE
2005-05,12,Thrift,TRUE
2005-06,13,Thrift,TRUE
2005-07,15,Thrift,TRUE
2005-08,15,Thrift,TRUE
2005-09,13,Thrift,TRUE
2005-10,15,Thrift,TRUE
2005-11,12,Thrift,TRUE
2005-12,12,Thrift,TRUE
2006-01,12,Thrift,TRUE
2006-02,12,Thrift,TRUE
2006-03,12,Thrift,TRUE
2006-04,12,Thrift,TRUE
2006-05,11,Thrift,TRUE
2006-06,11,Thrift,TRUE
2006-07,14,Thrift,TRUE
2006-08,14,Thrift,TRUE
2006-09,13,Thrift,TRUE
2006-10,15,Thrift,TRUE
2006-11,10,Thrift,TRUE
2006-12,10,Thrift,TRUE
2007-01,11,Thrift,TRUE
2007-02,11,Thrift,TRUE
2007-03,12,Thrift,TRUE
2007-04,11,Thrift,TRUE
2007-05,11,Thrift,TRUE
2007-06,11,Thrift,TRUE
2007-07,12,Thrift,TRUE
2007-08,13,Thrift,TRUE
2007-09,12,Thrift,TRUE
2007-10,14,Thrift,TRUE
2007-11,10,Thrift,TRUE
2007-12,11,Thrift,TRUE
2008-01,11,Thrift,TRUE
2008-02,11,Thrift,TRUE
2008-03,11,Thrift,TRUE
2008-04,11,Thrift,TRUE
2008-05,11,Thrift,TRUE
2008-06,11,Thrift,TRUE
2008-07,13,Thrift,TRUE
2008-08,14,Thrift,TRUE
2008-09,12,Thrift,TRUE
2008-10,16,Thrift,TRUE
2008-11,12,Thrift,TRUE
2008-12,12,Thrift,TRUE
2009-01,12,Thrift,TRUE
2009-02,12,Thrift,TRUE
2009-03,13,Thrift,TRUE
2009-04,12,Thrift,TRUE
2009-05,11,Thrift,TRUE
2009-06,11,Thrift,TRUE
2009-07,13,Thrift,TRUE
2009-08,13,Thrift,TRUE
2009-09,12,Thrift,TRUE
2009-10,15,Thrift,TRUE
2009-11,11,Thrift,TRUE
2009-12,11,Thrift,TRUE
2010-01,12,Thrift,TRUE
2010-02,12,Thrift,TRUE
2010-03,12,Thrift,TRUE
2010-04,12,Thrift,TRUE
2010-05,12,Thrift,TRUE
2010-06,12,Thrift,TRUE
2010-07,14,Thrift,TRUE
2010-08,15,Thrift,TRUE
2010-09,13,Thrift,TRUE
2010-10,16,Thrift,TRUE
2010-11,12,Thrift,TRUE
2010-12,13,Thrift,TRUE
2011-01,13,Thrift,TRUE
2011-02,14,Thrift,TRUE
2011-03,14,Thrift,TRUE
2011-04,14,Thrift,TRUE
2011-05,13,Thrift,TRUE
2011-06,14,Thrift,TRUE
2011-07,16,Thrift,TRUE
2011-08,17,Thrift,TRUE
2011-09,16,Thrift,TRUE
2011-10,18,Thrift,TRUE
2011-11,15,Thrift,TRUE
2011-12,16,Thrift,TRUE
2012-01,16,Thrift,TRUE
2012-02,17,Thrift,TRUE
2012-03,15,Thrift,TRUE
2012-04,15,Thrift,TRUE
2012-05,15,Thrift,TRUE
2012-06,17,Thrift,TRUE
2012-07,18,Thrift,TRUE
2012-08,20,Thrift,TRUE
2012-09,21,Thrift,TRUE
2012-10,25,Thrift,TRUE
2012-11,30,Thrift,TRUE
2012-12,40,Thrift,TRUE
2013-01,62,Thrift,TRUE
2013-02,100,Thrift,TRUE
2013-03,98,Thrift,TRUE
2013-04,82,Thrift,TRUE
2013-05,62,Thrift,TRUE
2013-06,52,Thrift,TRUE
2013-07,43,Thrift,TRUE
2013-08,39,Thrift,TRUE
2013-09,31,Thrift,TRUE
2013-10,31,Thrift,TRUE
2013-11,27,Thrift,TRUE
2013-12,26,Thrift,TRUE
2014-01,26,Thrift,TRUE
2014-02,24,Thrift,TRUE
2014-03,24,Thrift,TRUE
2014-04,23,Thrift,TRUE
2014-05,21,Thrift,TRUE
2014-06,21,Thrift,TRUE
2014-07,22,Thrift,TRUE
2014-08,23,Thrift,TRUE
2014-09,21,Thrift,TRUE
2014-10,23,Thrift,TRUE
2014-11,20,Thrift,TRUE
2014-12,20,Thrift,TRUE
2015-01,20,Thrift,TRUE
2015-02,19,Thrift,TRUE
2015-03,20,Thrift,TRUE
2015-04,20,Thrift,TRUE
2015-05,20,Thrift,TRUE
2015-06,20,Thrift,TRUE
2015-07,22,Thrift,TRUE
2015-08,22,Thrift,TRUE
2015-09,21,Thrift,TRUE
2015-10,23,Thrift,TRUE
2015-11,20,Thrift,TRUE
2015-12,19,Thrift,TRUE
2016-01,19,Thrift,TRUE
2016-02,20,Thrift,TRUE
2016-03,21,Thrift,TRUE
2016-04,21,Thrift,TRUE
2016-05,21,Thrift,TRUE
2016-06,22,Thrift,TRUE
2016-07,24,Thrift,TRUE
2016-08,24,Thrift,TRUE
2016-09,23,Thrift,TRUE
2016-10,24,Thrift,TRUE
2016-11,21,Thrift,TRUE
2016-12,20,Thrift,TRUE
2017-01,21,Thrift,TRUE
2017-02,23,Thrift,TRUE
2017-03,23,Thrift,TRUE
2017-04,23,Thrift,TRUE
2017-05,23,Thrift,TRUE
2017-06,25,Thrift,TRUE
2017-07,27,Thrift,TRUE
2017-08,27,Thrift,TRUE
2017-09,26,Thrift,TRUE
2017-10,26,Thrift,TRUE
2017-11,23,Thrift,TRUE
2017-12,22,Thrift,TRUE
2018-01,24,Thrift,TRUE
2018-02,25,Thrift,TRUE
2018-03,26,Thrift,TRUE
2018-04,26,Thrift,TRUE
2004-01,3,Uber,TRUE
2004-02,3,Uber,TRUE
2004-03,3,Uber,TRUE
2004-04,3,Uber,TRUE
2004-05,4,Uber,TRUE
2004-06,3,Uber,TRUE
2004-07,3,Uber,TRUE
2004-08,2,Uber,TRUE
2004-09,3,Uber,TRUE
2004-10,2,Uber,TRUE
2004-11,2,Uber,TRUE
2004-12,3,Uber,TRUE
2005-01,3,Uber,TRUE
2005-02,3,Uber,TRUE
2005-03,3,Uber,TRUE
2005-04,3,Uber,TRUE
2005-05,3,Uber,TRUE
2005-06,2,Uber,TRUE
2005-07,2,Uber,TRUE
2005-08,3,Uber,TRUE
2005-09,3,Uber,TRUE
2005-10,3,Uber,TRUE
2005-11,3,Uber,TRUE
2005-12,3,Uber,TRUE
2006-01,3,Uber,TRUE
2006-02,3,Uber,TRUE
2006-03,3,Uber,TRUE
2006-04,4,Uber,TRUE
2006-05,4,Uber,TRUE
2006-06,3,Uber,TRUE
2006-07,3,Uber,TRUE
2006-08,3,Uber,TRUE
2006-09,2,Uber,TRUE
2006-10,3,Uber,TRUE
2006-11,3,Uber,TRUE
2006-12,3,Uber,TRUE
2007-01,3,Uber,TRUE
2007-02,3,Uber,TRUE
2007-03,3,Uber,TRUE
2007-04,3,Uber,TRUE
2007-05,3,Uber,TRUE
2007-06,3,Uber,TRUE
2007-07,3,Uber,TRUE
2007-08,3,Uber,TRUE
2007-09,3,Uber,TRUE
2007-10,3,Uber,TRUE
2007-11,3,Uber,TRUE
2007-12,3,Uber,TRUE
2008-01,3,Uber,TRUE
2008-02,3,Uber,TRUE
2008-03,3,Uber,TRUE
2008-04,3,Uber,TRUE
2008-05,4,Uber,TRUE
2008-06,3,Uber,TRUE
2008-07,3,Uber,TRUE
2008-08,3,Uber,TRUE
2008-09,3,Uber,TRUE
2008-10,3,Uber,TRUE
2008-11,3,Uber,TRUE
2008-12,2,Uber,TRUE
2009-01,3,Uber,TRUE
2009-02,2,Uber,TRUE
2009-03,3,Uber,TRUE
2009-04,2,Uber,TRUE
2009-05,3,Uber,TRUE
2009-06,3,Uber,TRUE
2009-07,3,Uber,TRUE
2009-08,3,Uber,TRUE
2009-09,3,Uber,TRUE
2009-10,3,Uber,TRUE
2009-11,3,Uber,TRUE
2009-12,3,Uber,TRUE
2010-01,3,Uber,TRUE
2010-02,3,Uber,TRUE
2010-03,3,Uber,TRUE
2010-04,3,Uber,TRUE
2010-05,5,Uber,TRUE
2010-06,4,Uber,TRUE
2010-07,4,Uber,TRUE
2010-08,4,Uber,TRUE
2010-09,3,Uber,TRUE
2010-10,3,Uber,TRUE
2010-11,3,Uber,TRUE
2010-12,3,Uber,TRUE
2011-01,3,Uber,TRUE
2011-02,5,Uber,TRUE
2011-03,4,Uber,TRUE
2011-04,4,Uber,TRUE
2011-05,4,Uber,TRUE
2011-06,4,Uber,TRUE
2011-07,4,Uber,TRUE
2011-08,4,Uber,TRUE
2011-09,4,Uber,TRUE
2011-10,4,Uber,TRUE
2011-11,4,Uber,TRUE
2011-12,4,Uber,TRUE
2012-01,4,Uber,TRUE
2012-02,4,Uber,TRUE
2012-03,4,Uber,TRUE
2012-04,4,Uber,TRUE
2012-05,5,Uber,TRUE
2012-06,4,Uber,TRUE
2012-07,4,Uber,TRUE
2012-08,4,Uber,TRUE
2012-09,4,Uber,TRUE
2012-10,4,Uber,TRUE
2012-11,4,Uber,TRUE
2012-12,4,Uber,TRUE
2013-01,4,Uber,TRUE
2013-02,4,Uber,TRUE
2013-03,4,Uber,TRUE
2013-04,4,Uber,TRUE
2013-05,4,Uber,TRUE
2013-06,5,Uber,TRUE
2013-07,5,Uber,TRUE
2013-08,6,Uber,TRUE
2013-09,6,Uber,TRUE
2013-10,7,Uber,TRUE
2013-11,7,Uber,TRUE
2013-12,8,Uber,TRUE
2014-01,10,Uber,TRUE
2014-02,10,Uber,TRUE
2014-03,11,Uber,TRUE
2014-04,12,Uber,TRUE
2014-05,18,Uber,TRUE
2014-06,21,Uber,TRUE
2014-07,21,Uber,TRUE
2014-08,22,Uber,TRUE
2014-09,22,Uber,TRUE
2014-10,24,Uber,TRUE
2014-11,30,Uber,TRUE
2014-12,36,Uber,TRUE
2015-01,26,Uber,TRUE
2015-02,30,Uber,TRUE
2015-03,33,Uber,TRUE
2015-04,41,Uber,TRUE
2015-05,46,Uber,TRUE
2015-06,54,Uber,TRUE
2015-07,59,Uber,TRUE
2015-08,58,Uber,TRUE
2015-09,56,Uber,TRUE
2015-10,58,Uber,TRUE
2015-11,59,Uber,TRUE
2015-12,58,Uber,TRUE
2016-01,59,Uber,TRUE
2016-02,62,Uber,TRUE
2016-03,64,Uber,TRUE
2016-04,70,Uber,TRUE
2016-05,77,Uber,TRUE
2016-06,77,Uber,TRUE
2016-07,86,Uber,TRUE
2016-08,85,Uber,TRUE
2016-09,88,Uber,TRUE
2016-10,93,Uber,TRUE
2016-11,94,Uber,TRUE
2016-12,99,Uber,TRUE
2017-01,96,Uber,TRUE
2017-02,91,Uber,TRUE
2017-03,93,Uber,TRUE
2017-04,89,Uber,TRUE
2017-05,89,Uber,TRUE
2017-06,100,Uber,TRUE
2017-07,97,Uber,TRUE
2017-08,92,Uber,TRUE
2017-09,92,Uber,TRUE
2017-10,88,Uber,TRUE
2017-11,85,Uber,TRUE
2017-12,88,Uber,TRUE
2018-01,80,Uber,TRUE
2018-02,84,Uber,TRUE
2018-03,94,Uber,TRUE
2018-04,84,Uber,TRUE
2004-01,21,Versace,TRUE
2004-02,22,Versace,TRUE
2004-03,22,Versace,TRUE
2004-04,19,Versace,TRUE
2004-05,21,Versace,TRUE
2004-06,21,Versace,TRUE
2004-07,21,Versace,TRUE
2004-08,18,Versace,TRUE
2004-09,20,Versace,TRUE
2004-10,21,Versace,TRUE
2004-11,23,Versace,TRUE
2004-12,24,Versace,TRUE
2005-01,23,Versace,TRUE
2005-02,23,Versace,TRUE
2005-03,23,Versace,TRUE
2005-04,24,Versace,TRUE
2005-05,22,Versace,TRUE
2005-06,22,Versace,TRUE
2005-07,20,Versace,TRUE
2005-08,21,Versace,TRUE
2005-09,20,Versace,TRUE
2005-10,20,Versace,TRUE
2005-11,21,Versace,TRUE
2005-12,24,Versace,TRUE
2006-01,20,Versace,TRUE
2006-02,20,Versace,TRUE
2006-03,22,Versace,TRUE
2006-04,20,Versace,TRUE
2006-05,21,Versace,TRUE
2006-06,19,Versace,TRUE
2006-07,18,Versace,TRUE
2006-08,18,Versace,TRUE
2006-09,18,Versace,TRUE
2006-10,21,Versace,TRUE
2006-11,18,Versace,TRUE
2006-12,23,Versace,TRUE
2007-01,19,Versace,TRUE
2007-02,20,Versace,TRUE
2007-03,26,Versace,TRUE
2007-04,22,Versace,TRUE
2007-05,21,Versace,TRUE
2007-06,18,Versace,TRUE
2007-07,21,Versace,TRUE
2007-08,18,Versace,TRUE
2007-09,19,Versace,TRUE
2007-10,19,Versace,TRUE
2007-11,18,Versace,TRUE
2007-12,21,Versace,TRUE
2008-01,18,Versace,TRUE
2008-02,18,Versace,TRUE
2008-03,18,Versace,TRUE
2008-04,18,Versace,TRUE
2008-05,17,Versace,TRUE
2008-06,18,Versace,TRUE
2008-07,17,Versace,TRUE
2008-08,17,Versace,TRUE
2008-09,17,Versace,TRUE
2008-10,17,Versace,TRUE
2008-11,17,Versace,TRUE
2008-12,21,Versace,TRUE
2009-01,19,Versace,TRUE
2009-02,17,Versace,TRUE
2009-03,17,Versace,TRUE
2009-04,16,Versace,TRUE
2009-05,17,Versace,TRUE
2009-06,16,Versace,TRUE
2009-07,16,Versace,TRUE
2009-08,15,Versace,TRUE
2009-09,16,Versace,TRUE
2009-10,16,Versace,TRUE
2009-11,16,Versace,TRUE
2009-12,18,Versace,TRUE
2010-01,17,Versace,TRUE
2010-02,16,Versace,TRUE
2010-03,15,Versace,TRUE
2010-04,14,Versace,TRUE
2010-05,16,Versace,TRUE
2010-06,13,Versace,TRUE
2010-07,14,Versace,TRUE
2010-08,14,Versace,TRUE
2010-09,14,Versace,TRUE
2010-10,13,Versace,TRUE
2010-11,15,Versace,TRUE
2010-12,17,Versace,TRUE
2011-01,13,Versace,TRUE
2011-02,13,Versace,TRUE
2011-03,14,Versace,TRUE
2011-04,13,Versace,TRUE
2011-05,13,Versace,TRUE
2011-06,15,Versace,TRUE
2011-07,14,Versace,TRUE
2011-08,14,Versace,TRUE
2011-09,14,Versace,TRUE
2011-10,19,Versace,TRUE
2011-11,42,Versace,TRUE
2011-12,23,Versace,TRUE
2012-01,19,Versace,TRUE
2012-02,17,Versace,TRUE
2012-03,16,Versace,TRUE
2012-04,15,Versace,TRUE
2012-05,15,Versace,TRUE
2012-06,17,Versace,TRUE
2012-07,16,Versace,TRUE
2012-08,15,Versace,TRUE
2012-09,15,Versace,TRUE
2012-10,16,Versace,TRUE
2012-11,16,Versace,TRUE
2012-12,20,Versace,TRUE
2013-01,16,Versace,TRUE
2013-02,16,Versace,TRUE
2013-03,16,Versace,TRUE
2013-04,16,Versace,TRUE
2013-05,18,Versace,TRUE
2013-06,25,Versace,TRUE
2013-07,54,Versace,TRUE
2013-08,42,Versace,TRUE
2013-09,39,Versace,TRUE
2013-10,43,Versace,TRUE
2013-11,32,Versace,TRUE
2013-12,36,Versace,TRUE
2014-01,29,Versace,TRUE
2014-02,25,Versace,TRUE
2014-03,29,Versace,TRUE
2014-04,25,Versace,TRUE
2014-05,28,Versace,TRUE
2014-06,24,Versace,TRUE
2014-07,26,Versace,TRUE
2014-08,27,Versace,TRUE
2014-09,26,Versace,TRUE
2014-10,29,Versace,TRUE
2014-11,34,Versace,TRUE
2014-12,35,Versace,TRUE
2015-01,27,Versace,TRUE
2015-02,25,Versace,TRUE
2015-03,25,Versace,TRUE
2015-04,25,Versace,TRUE
2015-05,26,Versace,TRUE
2015-06,25,Versace,TRUE
2015-07,26,Versace,TRUE
2015-08,25,Versace,TRUE
2015-09,25,Versace,TRUE
2015-10,24,Versace,TRUE
2015-11,28,Versace,TRUE
2015-12,34,Versace,TRUE
2016-01,28,Versace,TRUE
2016-02,33,Versace,TRUE
2016-03,26,Versace,TRUE
2016-04,26,Versace,TRUE
2016-05,27,Versace,TRUE
2016-06,26,Versace,TRUE
2016-07,25,Versace,TRUE
2016-08,25,Versace,TRUE
2016-09,27,Versace,TRUE
2016-10,28,Versace,TRUE
2016-11,34,Versace,TRUE
2016-12,46,Versace,TRUE
2017-01,47,Versace,TRUE
2017-02,55,Versace,TRUE
2017-03,46,Versace,TRUE
2017-04,41,Versace,TRUE
2017-05,43,Versace,TRUE
2017-06,42,Versace,TRUE
2017-07,47,Versace,TRUE
2017-08,45,Versace,TRUE
2017-09,47,Versace,TRUE
2017-10,40,Versace,TRUE
2017-11,47,Versace,TRUE
2017-12,60,Versace,TRUE
2018-01,100,Versace,TRUE
2018-02,78,Versace,TRUE
2018-03,81,Versace,TRUE
2018-04,51,Versace,TRUE